message,labels_found,sources,record_count,suggested_label,reason,smishing_indicators,spam_indicators,final_label
YOU HAVE WON! As a valued Vodafone customer our computer has picked YOU to win a £150 prize. To collect is easy. Just call 09061743386,smishing|spam,mendeley|uci,4,spam,strong_spam,,competition_prize,
Phony £350 award - Todays Voda numbers ending XXXX are selected to receive a £350 award. If you have a match please call 08712300220 quoting claim code 3100 standard rates app,smishing|spam,mendeley|uci,3,spam,strong_spam,,competition_prize,
Todays Voda numbers ending 7548 are selected to receive a $350 award. If you have a match please call 08712300220 quoting claim code 4041 standard rates app,smishing|spam,mendeley|uci,3,spam,strong_spam,,competition_prize,
"5 Free Top Polyphonic Tones call 087018728737, National Rate. Get a toppoly tune sent every week, just text SUBPOLY to 81618, £3 per pole. UnSub 08718727870.",smishing|spam,mendeley|uci,3,spam,strong_spam,,subscription|promotion|entertainment_services,
You have an important customer service announcement. Call FREEPHONE 0800 542 0825 now!,smishing|spam,mendeley|uci,4,review,no_clear_indicator,,,
<Forwarded from 448712404000>Please CALL 08712404000 immediately as there is an urgent message waiting for you.,smishing|spam,mendeley|uci,3,review,no_clear_indicator,,,
"You are being contacted by our dating service by someone you know! To find out who it is, call from a land line 09050000928. PoBox45W2TG150P",smishing|spam,mendeley|uci,2,spam,strong_spam,,entertainment_services,
Please CALL 08712402779 immediately as there is an urgent message waiting for you,smishing|spam,mendeley|uci,3,review,no_clear_indicator,,,
Want a new Video Phone? 750 anytime any network mins? Half price line rental free text for 3 months? Reply or call 08000930705 for free delivery,smishing|spam,mendeley|uci,3,review,no_clear_indicator,,,
U have a secret admirer. REVEAL who thinks U R So special. Call 09065174042. To opt out Reply REVEAL STOP. 1.50 per msg recd. Cust care 07821230901,smishing|spam,mendeley|uci,5,spam,strong_spam,,premium_rate|subscription,
Here is your discount code RP176781. To stop further messages reply stop. www.regalportfolio.co.uk. Customer Services 08717205546,smishing|spam,mendeley|uci,3,spam,strong_spam,phishing_link,subscription|promotion,
We tried to contact you re your reply to our offer of 750 mins 150 textand a new video phone call 08002988890 now or reply for free delivery tomorrow,smishing|spam,mendeley|uci,3,spam,strong_spam,,promotion,
"URGENT! Your Mobile No. was awarded £2000 Bonus Caller Prize on 5/9/03 This is our final try to contact U! Call from Landline 09064019788 BOX42WR29C, 150PPM",smishing|spam,mendeley|uci,2,spam,strong_spam,,premium_rate|competition_prize,
U have a secret admirer who is looking 2 make contact with U-find out who they R*reveal who thinks UR so special-call on 09058094565,smishing|spam,mendeley|uci,3,review,no_clear_indicator,,,
FREE entry into our £250 weekly comp just send the word ENTER to 84128 NOW. 18 T&C www.textcomp.com cust care 08712405020.,smishing|spam,mendeley|uci,3,review,url_without_clear_intent,phishing_link,,
Please CALL 08712402902 immediately as there is an urgent message waiting for you.,smishing|spam,mendeley|uci,2,review,no_clear_indicator,,,
"Thanks for your ringtone order, reference number X29. Your mobile will be charged 4.50. Should your tone not arrive please call customer services 09065989180",smishing|spam,mendeley|uci,3,spam,strong_spam,,entertainment_services,
URGENT! Your Mobile number has been awarded with a £2000 prize GUARANTEED. Call 09058094455 from land line. Claim 3030. Valid 12hrs only,smishing|spam,mendeley|uci,2,spam,strong_spam,,competition_prize,
Do you want a new Video handset? 750 any time any network mins? UNLIMITED TEXT? Camcorder? Reply or Call now 08000930705 for del Sat AM,smishing|spam,mendeley|uci,3,review,weak_or_mixed_evidence,,marketing,
Todays Voda numbers ending 5226 are selected to receive a ?350 award. If you hava a match please call 08712300220 quoting claim code 1131 standard rates app,smishing|spam,mendeley|uci,3,spam,strong_spam,,competition_prize,
"Dear Voucher Holder, To claim this weeks offer, at your PC please go to http://www.wtlp.co.uk/text. Ts&Cs apply.",smishing|spam,mendeley|uci,3,spam,strong_spam,phishing_link,promotion,
You are now unsubscribed all services. Get tons of sexy babes or hunks straight to your phone! go to http://gotbabes.co.uk. No subscriptions.,smishing|spam,mendeley|uci,3,review,url_without_clear_intent,phishing_link,,
U have a Secret Admirer who is looking 2 make contact with U-find out who they R*reveal who thinks UR so special-call on 09065171142-stopsms-08,smishing|spam,mendeley|uci,2,review,no_clear_indicator,,,
You have WON a guaranteed £1000 cash or a £2000 prize. To claim yr prize call our customer service representative on 08714712394 between 10am-7pm,smishing|spam,mendeley|uci,2,spam,strong_spam,,competition_prize,
goldviking (29/M) is inviting you to be his friend. Reply YES-762 or NO-762 See him: www.SMS.ac/u/goldviking STOP? Send STOP FRND to 62468,smishing|spam,mendeley|uci,3,review,url_without_clear_intent,phishing_link,,
"Our dating service has been asked 2 contact U by someone shy! CALL 09058091870 NOW all will be revealed. POBox84, M26 3UZ 150p",smishing|spam,mendeley|uci,2,spam,strong_spam,,premium_rate|entertainment_services,
Loans for any purpose even if you have Bad Credit! Tenants Welcome. Call NoWorriesLoans.com on 08717111821,smishing|spam,mendeley|uci,3,review,no_clear_indicator,,,
"449050000301 You have won a £2,000 price! To claim, call 09050000301.",smishing|spam,mendeley|uci,3,spam,strong_spam,,competition_prize,
"URGENT! You have won a 1 week FREE membership in our £100,000 Prize Jackpot! Txt the word: CLAIM to No: 81010 T&C www.dbuk.net LCCLTD POBOX 4403LDNW1A7RW18",smishing|spam,mendeley|uci,3,spam,strong_spam,phishing_link,competition_prize,
The current leading bid is 151. To pause this auction send OUT. Customer Care: 08718726270,smishing|spam,mendeley|uci,3,review,no_clear_indicator,,,
"XXXMobileMovieClub: To use your credit, click the WAP link in the next txt message or click here>> http://wap. xxxmobilemovieclub.com?n=QJKGIGHJJGCBL",smishing|spam,mendeley|uci,3,review,url_without_clear_intent,phishing_link,,
"09066362231 URGENT! Your mobile No 07xxxxxxxxx won a £2,000 bonus caller prize on 02/06/03! this is the 2nd attempt to reach YOU! call 09066362231 ASAP!",smishing|spam,mendeley|uci,3,spam,strong_spam,,competition_prize,
Do you want a NEW video phone750 anytime any network mins 150 text for only five pounds per week call 08000776320 now or reply for delivery tomorrow,smishing|spam,mendeley|uci,3,review,no_clear_indicator,,,
U’ve Bin Awarded £50 to Play 4 Instant Cash. Call 08715203028 To Claim. EVERY 9th Player Wins Min £50-£500. OptOut 08718727870,smishing|spam,mendeley|uci,2,review,no_clear_indicator,,,
Customer service annoncement. You have a New Years delivery waiting for you. Please call 07046744435 now to arrange delivery,smishing|spam,mendeley|uci,3,review,no_clear_indicator,,,
Please CALL 08712402578 immediately as there is an urgent message waiting for you,smishing|spam,mendeley|uci,3,review,no_clear_indicator,,,
"URGENT! Your mobile No 07xxxxxxxxx won a £2,000 bonus caller prize on 02/06/03! this is the 2nd attempt to reach YOU! call 09066362231 ASAP! BOX97N7QP, 150PPM",smishing|spam,mendeley|uci,2,spam,strong_spam,,premium_rate|competition_prize,
Urgent! Please call 09061213237 from landline. £5000 cash or a luxury 4* Canary Islands Holiday await collection. T&Cs SAE PO Box 177. M227XY. 150ppm. 16+,smishing|spam,mendeley|uci,2,spam,strong_spam,,premium_rate,
"Customer service announcement. We recently tried to make a delivery to you but were unable to do so, please call 07090298926 to re-schedule. Ref:9307622",smishing|spam,mendeley|uci,3,review,no_clear_indicator,,,
URGENT This is our 2nd attempt to contact U. Your £900 prize from YESTERDAY is still awaiting collection. To claim CALL NOW 09061702893. ACL03530150PM,smishing|spam,mendeley|uci,2,spam,strong_spam,,competition_prize|marketing,
Free Msg: Ringtone!From: http://tms. widelive.com/index. wml?id=1b6a5ecef91ff9*37819&first=true18:0430-JUL-05,smishing|spam,mendeley|uci,3,review,url_without_clear_intent,phishing_link,,
money!!! you r a lucky winner ! 2 claim your prize text money 2 88600 over £1million to give away ! ppt150x3+normal text rate box403 w1t1jy,smishing|spam,mendeley|uci,2,spam,strong_spam,,competition_prize,
Want the latest Video handset? 750 anytime any network mins? Half price line rental? Reply or call 08000930705 for delivery tomorrow,smishing|spam,mendeley|uci,3,review,no_clear_indicator,,,
Todays Voda numbers ending 1225 are selected to receive a £50award. If you have a match please call 08712300220 quoting claim code 3100 standard rates app,smishing|spam,mendeley|uci,3,spam,strong_spam,,competition_prize,
Call from 08702490080 - tells u 2 call 09066358152 to claim £5000 prize. U have 2 enter all ur mobile & personal details @ the prompts. Careful!,smishing|spam,mendeley|uci,2,spam,strong_spam,,competition_prize,
"Customer service announcement. We recently tried to make a delivery to you but were unable to do so, please call 07099833605 to re-schedule. Ref:9280114",smishing|spam,mendeley|uci,3,review,no_clear_indicator,,,
URGENT! We are trying to contact U. Todays draw shows that you have won a £800 prize GUARANTEED. Call 09050001808 from land line. Claim M95. Valid12hrs only,smishing|spam,mendeley|uci,3,spam,strong_spam,,competition_prize,
tells u 2 call 09066358152 to claim £5000 prize. U have 2 enter all ur mobile & personal details @ the prompts. Careful!,smishing|spam,mendeley|uci,2,spam,strong_spam,,competition_prize,
U have a secret admirer who is looking 2 make contact with U-find out who they R*reveal who thinks UR so special-call on 09058094594,smishing|spam,mendeley|uci,3,review,no_clear_indicator,,,
Sorry I missed your call let's talk when you have the time. I'm on 07090201529,smishing|spam,mendeley|uci,3,review,no_clear_indicator,,,
"Hi babe its Jordan, how r u? Im home from abroad and lonely, text me back if u wanna chat xxSP visionsms.com Text stop to stopCost 150p 08712400603",smishing|spam,mendeley|uci,3,spam,strong_spam,,premium_rate|subscription,
"FREE MESSAGE Activate your 500 FREE Text Messages by replying to this message with the word FREE For terms & conditions, visit www.07781482378.com",smishing|spam,mendeley|uci,5,review,url_without_clear_intent,phishing_link,,
http//tms. widelive.com/index. wml?id=820554ad0a1705572711&first=true¡C C Ringtone¡,smishing|spam,mendeley|uci,3,review,no_clear_indicator,,,
"URGENT! Your Mobile No was awarded a £2,000 Bonus Caller Prize on 1/08/03! This is our 2nd attempt to contact YOU! Call 0871-4719-523 BOX95QU BT National Rate",smishing|spam,mendeley|uci,2,spam,strong_spam,,competition_prize,
"WELL DONE! Your 4* Costa Del Sol Holiday or £5000 await collection. Call 09050090044 Now toClaim. SAE, TCs, POBox334, Stockport, SK38xh, Cost£1.50/pm, Max10mins",smishing|spam,mendeley|uci,3,review,no_clear_indicator,,,
URGENT! We are trying to contact U Todays draw shows that you have won a £800 prize GUARANTEED. Call 09050000460 from land line. Claim J89. po box245c2150pm,smishing|spam,mendeley|uci,2,spam,strong_spam,,competition_prize,
You have WON a guaranteed £1000 cash or a £2000 prize. To claim yr prize call our customer service representative on 08714712379 between 10am-7pm Cost 10p,smishing|spam,mendeley|uci,2,spam,strong_spam,,premium_rate|competition_prize,
PRIVATE! Your 2003 Account Statement for 07753741225 shows 800 un-redeemed S. I. M. points. Call 08715203677 Identifier Code: 42478 Expires 24/10/04,smishing|spam,mendeley|uci,2,review,no_clear_indicator,,,
Do you want a new Video phone? 600 anytime any network mins 400 Inclusive Video calls AND downloads 5 per week Free delTOMORROW call 08002888812 or reply NOW,smishing|spam,mendeley|uci,3,review,no_clear_indicator,,,
UR GOING 2 BAHAMAS! CallFREEFONE 08081560665 and speak to a live operator to claim either Bahamas cruise of£2000 CASH 18+only. To opt out txt X to 07786200117,smishing|spam,mendeley|uci,5,spam,strong_spam,,subscription,
You have 1 new message. Please call 08712400200.,smishing|spam,mendeley|uci,2,review,no_clear_indicator,,,
URGENT! We are trying to contact U. Todays draw shows that you have won a £800 prize GUARANTEED. Call 09050003091 from land line. Claim C52. Valid12hrs only,smishing|spam,mendeley|uci,2,spam,strong_spam,,competition_prize,
"our mobile number has won £5000, to claim calls us back or ring the claims hot line on 09050005321.",smishing|spam,mendeley|uci,3,review,no_clear_indicator,,,
"URGENT! Your mobile was awarded a £1,500 Bonus Caller Prize on 27/6/03. Our final attempt 2 contact U! Call 08714714011",smishing|spam,mendeley|uci,2,spam,strong_spam,,competition_prize,
Congratulations ur awarded either £500 of CD gift vouchers & Free entry 2 our £100 weekly draw txt MUSIC to 87066 TnCs www.Ldew.com1win150ppmx3age16,smishing|spam,mendeley|uci,2,spam,strong_spam,phishing_link,competition_prize,
Do you want 750 anytime any network mins 150 text and a NEW video phone for only five pounds per week call 08000776320 now or reply for delivery Tomorrow,smishing|spam,mendeley|uci,2,review,no_clear_indicator,,,
Moby Pub Quiz.Win a £100 High Street prize if u know who the new Duchess of Cornwall will be? Txt her first name to 82277.unsub STOP £1.50 008704050406 SP,smishing|spam,mendeley|uci,2,spam,strong_spam,,subscription|competition_prize,
"UpgrdCentre Orange customer, you may now claim your FREE CAMERA PHONE upgrade for your loyalty. Call now on 0207 153 9153. Offer ends 26th July. T&C's apply. Opt-out available",smishing|spam,mendeley|uci,2,spam,strong_spam,,promotion|marketing,
"SMS. ac Blind Date 4U!: Rodds1 is 21/m from Aberdeen, United Kingdom. Check Him out http://img. sms. ac/W/icmb3cktz8r7!-4 no Blind Dates send HIDE",smishing|spam,mendeley|uci,3,review,url_without_clear_intent,phishing_link,,
Guess what! Somebody you know secretly fancies you! Wanna find out who it is? Give us a call on 09065394973 from Landline DATEBox1282EssexCM61XN 150p/min 18,smishing|spam,mendeley|uci,2,spam,strong_spam,,premium_rate,
Do you want 750 anytime any network mins 150 text and a NEW VIDEO phone for only five pounds per week call 08002888812 or reply for delivery tomorrow,smishing|spam,mendeley|uci,3,review,no_clear_indicator,,,
Dear Voucher holder Have your next meal on us. Use the following link on your pc 2 enjoy a 2 4 1 dining experiencehttp://www.vouch4me.com/etlp/dining.asp,smishing|spam,mendeley|uci,3,review,url_without_clear_intent,phishing_link,,
I'd like to tell you my deepest darkest fantasies. Call me 09094646631 just 60p/min. To stop texts call 08712460324 (nat rate),smishing|spam,mendeley|uci,3,spam,strong_spam,,premium_rate,
This is the 2nd time we have tried to contact u. U have won the £1450 prize to claim just call 09053750005 b4 310303. T&Cs/stop SMS 08718725756. 140ppm,smishing|spam,mendeley|uci,2,spam,strong_spam,,premium_rate|competition_prize,
PRIVATE! Your 2004 Account Statement for 07742676969 shows 786 unredeemed Bonus Points. To claim call 08719180248 Identifier Code: 45239 Expires,smishing|spam,mendeley|uci,3,review,no_clear_indicator,,,
Please CALL 08712402972 immediately as there is an urgent message waiting for you,smishing|spam,mendeley|uci,3,review,no_clear_indicator,,,
You have 1 new message. Please call 08715205273,smishing|spam,mendeley|uci,3,review,no_clear_indicator,,,
Your 2004 account for 07XXXXXXXXX shows 786 unredeemed points. To claim call 08719181259 Identifier code: XXXXX Expires 26.03.05,smishing|spam,mendeley|uci,2,review,no_clear_indicator,,,
Urgent! Please call 09061743811 from landline. Your ABTA complimentary 4* Tenerife Holiday or £5000 cash await collection SAE T&Cs Box 326 CW25WX 150ppm,smishing|spam,mendeley|uci,2,spam,strong_spam,,premium_rate,
"""For the most sparkling shopping breaks from 45 per person; call 0121 2025050 or visit www.shortbreaks.org.uk""",smishing|spam,mendeley|uci,2,review,url_without_clear_intent,phishing_link,,
"500 New Mobiles from 2004, MUST GO! Txt: NOKIA to No: 89545 & collect yours today!From ONLY £1 www.4-tc.biz 2optout 087187262701.50gbp/mtmsg18",smishing|spam,mendeley|uci,2,review,url_without_clear_intent,phishing_link,,
"FreeMSG You have been awarded a FREE mini DIGITAL CAMERA, just reply SNAP to collect your prize! (quizclub Opt out? Stop 80122300p/wk SP:RWM Ph:08704050406)",smishing|spam,mendeley|uci,3,spam,strong_spam,,premium_rate|subscription|competition_prize,
Please call Amanda with regard to renewing or upgrading your current T-Mobile handset free of charge. Offer ends today. Tel 0845 021 3680 subject to T's and C's,smishing|spam,mendeley|uci,3,spam,strong_spam,,promotion,
URGENT! We are trying to contact U. Todays draw shows that you have won a £2000 prize GUARANTEED. Call 09058094507 from land line. Claim 3030. Valid 12hrs only,smishing|spam,mendeley|uci,2,spam,strong_spam,,competition_prize,
We tried to contact you re your reply to our offer of a Video Handset? 750 anytime networks mins? UNLIMITED TEXT? Camcorder? Reply or call 08000930705 NOW,smishing|spam,mendeley|uci,3,spam,strong_spam,,promotion,
"URGENT! Your mobile No 077xxx WON a £2,000 Bonus Caller Prize on 02/06/03! This is the 2nd attempt to reach YOU! Call 09066362206 ASAP! BOX97N7QP, 150ppm",smishing|spam,mendeley|uci,2,spam,strong_spam,,premium_rate|competition_prize,
"Hi, this is Mandy Sullivan calling from HOTMIX FM...you are chosen to receive £5000.00 in our Easter Prize draw.....Please telephone 09041940223 to claim before 29/03/05 or your prize will be transferred to someone else....",smishing|spam,mendeley|uci,2,spam,strong_spam,,competition_prize,
We currently have a message awaiting your collection. To collect your message just call 08718723815.,smishing|spam,mendeley|uci,2,review,no_clear_indicator,,,
Want explicit SEX in 30 secs? Ring 02073162414 now! Costs 20p/min Gsex POBOX 2667 WC1N 3XX,smishing|spam,mendeley|uci,2,spam,strong_spam,,premium_rate,
"Dear Voucher Holder, To claim this weeks offer, at you PC please go to http://www.e-tlp.co.uk/expressoffer Ts&Cs apply. To stop texts, txt STOP to 80062",smishing|spam,mendeley|uci,3,spam,strong_spam,phishing_link,subscription|promotion,
important information 4 orange user . today is your lucky day!2find out why log onto http://www.urawinner.com THERE'S A FANTASTIC SURPRISE AWAITING YOU!,smishing|spam,mendeley|uci,3,review,url_without_clear_intent,phishing_link,,
Please call our customer service representative on FREEPHONE 0808 145 4742 between 9am-11pm as you have WON a guaranteed £1000 cash or £5000 prize!,smishing|spam,mendeley|uci,5,spam,strong_spam,,competition_prize,
"URGENT!: Your Mobile No. was awarded a £2,000 Bonus Caller Prize on 02/09/03! This is our 2nd attempt to contact YOU! Call 0871-872-9755 BOX95QU",smishing|spam,mendeley|uci,2,spam,strong_spam,,competition_prize,
We tried to contact you re our offer of New Video Phone 750 anytime any network mins HALF PRICE Rental camcorder call 08000930705 or reply for delivery Wed,smishing|spam,mendeley|uci,3,spam,strong_spam,,promotion,
XMAS Prize draws! We are trying to contact U. Todays draw shows that you have won a £2000 prize GUARANTEED. Call 09058094565 from land line. Valid 12hrs only,smishing|spam,mendeley|uci,2,spam,strong_spam,,competition_prize,
You have an important customer service announcement from PREMIER. Call FREEPHONE 0800 542 0578 now!,smishing|spam,mendeley|uci,3,review,no_clear_indicator,,,
Your B4U voucher w/c 27/03 is MARSMS. Log onto www.B4Utele.com for discount credit. To opt out reply stop. Customer care call 08717168528,smishing|spam,mendeley|uci,2,spam,strong_spam,phishing_link,subscription|promotion,
FREE MSG:We billed your mobile number by mistake from shortcode 83332.Please call 08081263000 to have charges refunded.This call will be free from a BT landline,smishing|spam,mendeley|uci,3,review,no_clear_indicator,,,
Want explicit SEX in 30 secs? Ring 02073162414 now! Costs 20p/min,smishing|spam,mendeley|uci,2,spam,strong_spam,,premium_rate,
What do U want for Xmas? How about 100 free text messages & a new video phone with half price line rental? Call free now on 0800 0721072 to find out more!,smishing|spam,mendeley|uci,3,review,no_clear_indicator,,,
"URGENT! Your mobile number *************** WON a £2000 Bonus Caller prize on 10/06/03! This is the 2nd attempt to reach you! Call 09066368753 ASAP! Box 97N7QP, 150ppm",smishing|spam,mendeley|uci,2,spam,strong_spam,,premium_rate|competition_prize,
Don't b floppy... b snappy & happy! Only gay chat service with photo upload call 08718730666 (10p/min). 2 stop our texts call 08712460324,smishing|spam,mendeley|uci,3,spam,strong_spam,,premium_rate|entertainment_services,
Had your mobile 11 months or more? U R entitled to Update to the latest colour mobiles with camera for Free! Call The Mobile Update Co FREE on 08002986030,smishing|spam,mendeley|uci,5,review,no_clear_indicator,,,
XCLUSIVE@CLUBSAISAI 2MOROW 28/5 SOIREE SPECIALE ZOUK WITH NICHOLS FROM PARIS.FREE ROSES 2 ALL LADIES !!! info: 07946746291/07880867867,smishing|spam,mendeley|uci,3,review,no_clear_indicator,,,
You are awarded a SiPix Digital Camera! call 09061221061 from landline. Delivery within 28days. T Cs Box177. M221BP. 2yr warranty. 150ppm. 16 . p p£3.99,smishing|spam,mendeley|uci,3,spam,strong_spam,,premium_rate,
todays vodafone numbers ending with 0089(my last four digits) are selected to received a £350 award. If your number matches please call 09063442151 to claim your £350 award,smishing|spam,mendeley|uci,2,spam,strong_spam,,competition_prize,
We tried to call you re your reply to our sms for a video mobile 750 mins UNLIMITED TEXT + free camcorder Reply of call 08000930705 Now,smishing|spam,mendeley|uci,3,review,no_clear_indicator,,,
Someone U know has asked our dating service 2 contact you! Cant Guess who? CALL 09058091854 NOW all will be revealed. PO BOX385 M6 6WU,smishing|spam,mendeley|uci,4,spam,strong_spam,,entertainment_services,
"Orange customer, you may now claim your FREE CAMERA PHONE upgrade for your loyalty. Call now on 0207 153 9996. Offer ends 14thMarch. T&C's apply. Opt-out availa",smishing|spam,mendeley|uci,2,spam,strong_spam,,promotion|marketing,
"Congrats! 2 mobile 3G Videophones R yours. call 09061744553 now! videochat wid ur mates, play java games, Dload polyH music, noline rentl. bx420. ip4. 5we. 150pm",smishing|spam,mendeley|uci,4,spam,strong_spam,,competition_prize,
WINNER! As a valued network customer you hvae been selected to receive a £900 reward! To collect call 09061701444. Valid 24 hours only. ACL03530150PM,smishing|spam,mendeley|uci,2,spam,strong_spam,,competition_prize,
"You have been selected to stay in 1 of 250 top British hotels - FOR NOTHING! Holiday Worth £350! To Claim, Call London 02072069400. Bx 526, SW73SS",smishing|spam,mendeley|uci,2,review,no_clear_indicator,,,
"Urgent! Please call 09066612661 from your landline, your complimentary 4* Lux Costa Del Sol holiday or £1000 CASH await collection. ppm 150 SAE T&Cs James 28, EH74RR",smishing|spam,mendeley|uci,2,review,no_clear_indicator,,,
"Congratulations - Thanks to a good friend U have WON the £2,000 Xmas prize. 2 claim is easy, just call 08712103738 NOW! Only 10p per minute. BT-national-rate",smishing|spam,mendeley|uci,2,spam,strong_spam,,premium_rate|competition_prize,
You have 1 new voicemail. Please call 08719181503,smishing|spam,mendeley|uci,3,review,no_clear_indicator,,,
BIG BROTHER ALERT! The computer has selected u for 10k cash or #150 voucher. Call 09064018838. NTT PO Box CRO1327 18+ BT Landline Cost 150ppm mobiles vary,smishing|spam,mendeley|uci,2,spam,strong_spam,,premium_rate,
A £400 XMAS REWARD IS WAITING FOR YOU! Our computer has randomly picked you from our loyal mobile customers to receive a £400 reward. Just call 09066380611,smishing|spam,mendeley|uci,4,review,no_clear_indicator,,,
U have a Secret Admirer who is looking 2 make contact with U-find out who they R*reveal who thinks UR so special-call on 09065171142-stopsms-08718727870150ppm,smishing|spam,mendeley|uci,3,spam,strong_spam,,premium_rate,
Congratulations YOU'VE Won. You're a Winner in our August £1000 Prize Draw. Call 09066660100 NOW. Prize Code 2309.,smishing|spam,mendeley|uci,3,spam,strong_spam,,competition_prize,
URGENT We are trying to contact you Last weekends draw shows u have won a £1000 prize GUARANTEED Call 09064017295 Claim code K52 Valid 12hrs 150p pm,smishing|spam,mendeley|uci,2,spam,strong_spam,,premium_rate|competition_prize,
"Congrats! 2 mobile 3G Videophones R yours. call 09063458130 now! videochat wid your mates, play java games, Dload polyPH music, noline rentl.",smishing|spam,mendeley|uci,3,spam,strong_spam,,competition_prize,
Dont forget you can place as many FREE Requests with 1stchoice.co.uk as you wish. For more Information call 08707808226.,smishing|spam,mendeley|uci,3,review,no_clear_indicator,,,
u r a winner U ave been specially selected 2 receive £1000 cash or a 4* holiday (flights inc) speak to a live operator 2 claim 0871277810710p/min (18 ),smishing|spam,mendeley|uci,2,spam,strong_spam,,premium_rate,
07732584351 - Rodger Burns - MSG = We tried to call you re your reply to our sms for a free nokia mobile + free camcorder. Please call now 08000930705 for delivery tomorrow,smishing|spam,mendeley|uci,3,review,weak_or_mixed_evidence,,marketing,
Reply with your name and address and YOU WILL RECEIVE BY POST a weeks completely free accommodation at various global locations www.phb1.com ph:08700435505150p,smishing|spam,mendeley|uci,3,spam,strong_spam,phishing_link,premium_rate,
WINNER!! As a valued network customer you have been selected to receivea £900 prize reward! To claim call 09061701461. Claim code KL341. Valid 12 hours only.,smishing|spam,mendeley|uci,3,spam,strong_spam,,competition_prize,
Congratulations U can claim 2 VIP row A Tickets 2 C Blu in concert in November or Blu gift guaranteed Call 09061104276 to claim TS&Cs www.smsco.net cost£3.75max,smishing|spam,mendeley|uci,2,spam,strong_spam,phishing_link,competition_prize,
Are you unique enough? Find out from 30th August. www.areyouunique.co.uk,smishing|spam,mendeley|uci,2,review,url_without_clear_intent,phishing_link,,
Valentines Day Special! Win over £1000 in our quiz and take your partner on the trip of a lifetime! Send GO to 83600 now. 150p/msg rcvd. CustCare:08718720201.,smishing|spam,mendeley|uci,3,spam,strong_spam,,premium_rate,
Your unique user ID is 1172. For removal send STOP to 87239 customer services 08708034412,smishing|spam,mendeley|uci,3,review,no_clear_indicator,,,
URGENT! Your Mobile number has been awarded a <UKP>2000 prize GUARANTEED. Call 09061790125 from landline. Claim 3030. Valid 12hrs only 150ppm,smishing|spam,mendeley|uci,2,spam,strong_spam,,premium_rate|competition_prize,
"Urgent! Please call 0906346330. Your ABTA complimentary 4* Spanish Holiday or £10,000 cash await collection SAE T&Cs BOX 47 PO19 2EZ 150ppm 18+",smishing|spam,mendeley|uci,2,spam,strong_spam,,premium_rate,
URGENT! We are trying to contact U. Todays draw shows that you have won a £800 prize GUARANTEED. Call 09050001295 from land line. Claim A21. Valid 12hrs only,smishing|spam,mendeley|uci,2,spam,strong_spam,,competition_prize,
Congratulations ur awarded 500 of CD vouchers or 125gift guaranteed & Free entry 2 100 wkly draw txt MUSIC to 87066 TnCs www.Ldew.com1win150ppmx3age16,smishing|spam,mendeley|uci,3,spam,strong_spam,phishing_link,competition_prize,
"You have been specially selected to receive a ""3000 award! Call 08712402050 BEFORE the lines close. Cost 10ppm. 16+. T&Cs apply. AG Promo",smishing|spam,mendeley|uci,2,spam,strong_spam,,premium_rate|competition_prize,
Win a £1000 cash prize or a prize worth £5000,smishing|spam,mendeley|uci,2,spam,strong_spam,,competition_prize,
"This is the 2nd time we have tried to contact u. U have won the £400 prize. 2 claim is easy, just call 087104711148 NOW! Only 10p per minute. BT-national-rate",smishing|spam,mendeley|uci,2,spam,strong_spam,,premium_rate|competition_prize,
PRIVATE! Your 2003 Account Statement for <fone no> shows 800 un-redeemed S. I. M. points. Call 08715203656 Identifier Code: 42049 Expires 26/10/04,smishing|spam,mendeley|uci,2,review,no_clear_indicator,,,
Someone has conacted our dating service and entered your phone because they fancy you!To find out who it is call from landline 09111030116. PoBox12n146tf15,smishing|spam,mendeley|uci,2,spam,strong_spam,,entertainment_services,
"Free entry to the gr8prizes wkly comp 4 a chance to win the latest Nokia 8800, PSP or £250 cash every wk.TXT GREAT to 80878 http//www.gr8prizes.com 08715705022",smishing|spam,mendeley|uci,3,review,url_without_clear_intent,phishing_link,,
"URGENT! Your mobile No *********** WON a £2,000 Bonus Caller Prize on 02/06/03! This is the 2nd attempt to reach YOU! Call 09066362220 ASAP! BOX97N7QP, 150ppm",smishing|spam,mendeley|uci,2,spam,strong_spam,,premium_rate|competition_prize,
A link to your picture has been sent. You can also use http://alto18.co.uk/wave/wave.asp?o=44345,smishing|spam,mendeley|uci,3,review,url_without_clear_intent,phishing_link,,
Urgent! Please call 09061213237 from a landline. £5000 cash or a 4* holiday await collection. T &Cs SAE PO Box 177 M227XY. 16+,smishing|spam,mendeley|uci,2,review,no_clear_indicator,,,
December only! Had your mobile 11mths+? You are entitled to update to the latest colour camera mobile for Free! Call The Mobile Update Co FREE on 08002986906,smishing|spam,mendeley|uci,5,review,no_clear_indicator,,,
"Claim a 200 shopping spree, just call 08717895698 now! Have you won! MobStoreQuiz10ppm",smishing|spam,mendeley|uci,2,spam,strong_spam,,competition_prize,
"44 7732584351, Do you want a New Nokia 3510i colour phone DeliveredTomorrow? With 300 free minutes to any mobile + 100 free texts + Free Camcorder reply or call 08000930705.",smishing|spam,mendeley|uci,3,review,no_clear_indicator,,,
CDs 4u: Congratulations ur awarded £500 of CD gift vouchers or £125 gift guaranteed & Freeentry 2 £100 wkly draw xt MUSIC to 87066 TnCs www.ldew.com1win150ppmx3age16,smishing|spam,mendeley|uci,2,spam,strong_spam,phishing_link,competition_prize,
YOU ARE CHOSEN TO RECEIVE A £350 AWARD! Pls call claim number 09066364311 to collect your award which you are selected to receive as a valued mobile customer.,smishing|spam,mendeley|uci,4,spam,strong_spam,,competition_prize,
IMPORTANT MESSAGE. This is a final contact attempt. You have important messages waiting out our customer claims dept. Expires 13/4/04. Call 08717507382 NOW!,smishing|spam,mendeley|uci,2,review,no_clear_indicator,,,
IMPORTANT INFORMATION 4 ORANGE USER 0796XXXXXX. TODAY IS UR LUCKY DAY!2 FIND OUT WHY LOG ONTO http://www.urawinner.com THERE'S A FANTASTIC PRIZEAWAITING YOU!,smishing|spam,mendeley|uci,2,review,url_without_clear_intent,phishing_link,,
"Urgent! call 09066350750 from your landline. Your complimentary 4* Ibiza Holiday or 10,000 cash await collection SAE T&Cs PO BOX 434 SK3 8WP 150 ppm 18+",smishing|spam,mendeley|uci,3,spam,strong_spam,,premium_rate,
Urgent! Please call 09061743810 from landline. Your ABTA complimentary 4* Tenerife Holiday or #5000 cash await collection SAE T&Cs Box 326 CW25WX 150 ppm,smishing|spam,mendeley|uci,2,spam,strong_spam,,premium_rate,
For taking part in our mobile survey yesterday! You can now have 500 texts 2 use however you wish. 2 get txts just send TXT to 80160 T&C www.txt43.com 1.50p,smishing|spam,mendeley|uci,2,spam,strong_spam,phishing_link,premium_rate,
PRIVATE! Your 2003 Account Statement for shows 800 un-redeemed S. I. M. points. Call 08715203694 Identifier Code: 40533 Expires 31/10/04,smishing|spam,mendeley|uci,2,review,no_clear_indicator,,,
PRIVATE! Your 2003 Account Statement for shows 800 un-redeemed S. I. M. points. Call 08715203652 Identifier Code: 42810 Expires 29/10/0,smishing|spam,mendeley|uci,2,review,no_clear_indicator,,,
Call FREEPHONE 0800 542 0578 now!,smishing|spam,mendeley|uci,3,review,no_clear_indicator,,,
Text & meet someone sexy today. U can find a date or even flirt its up to U. Join 4 just 10p. REPLY with NAME & AGE eg Sam 25. 18 -msg recd@thirtyeight pence,smishing|spam,mendeley|uci,2,spam,strong_spam,,premium_rate,
74355 XMAS iscoming & ur awarded either £500 CD gift vouchers & free entry 2 r £100 weekly draw txt MUSIC to 87066 TnC,smishing|spam,mendeley|uci,2,review,no_clear_indicator,,,
"URGENT. Important information for 02 user. Today is your lucky day! 2 find out why , log onto http://www.urawinner.com there is a fantastic surprise awaiting you !",smishing|spam,mendeley|uci,3,review,url_without_clear_intent,phishing_link,,
Collect your VALENTINE'S weekend to PARIS inc Flight & Hotel + £200 Prize guaranteed! Text: PARIS to No: 69101. www.rtf.sphosting.com,smishing|spam,mendeley|uci,2,spam,strong_spam,phishing_link,competition_prize,
"URGENT! Last weekend's draw shows that you have won £1000 cash or a Spanish holiday! CALL NOW 09050000332 to claim. T&C: RSTM, SW7 3SS. 150ppm",smishing|spam,mendeley|uci,2,spam,strong_spam,,premium_rate|competition_prize|marketing,
"Thanks for your Ringtone Order, Reference T91. You will be charged GBP 4 per week. You can unsubscribe at anytime by calling customer services on 09057039994",smishing|spam,mendeley|uci,3,spam,strong_spam,,subscription,
You have been specially selected to receive a 2000 pound award! Call 08712402050 BEFORE the lines close. Cost 10ppm. 16+. T&Cs apply. AG Promo,smishing|spam,mendeley|uci,2,spam,strong_spam,,premium_rate|competition_prize,
You are a winner you have been specially selected to receive £1000 cash or a £2000 award. Speak to a live operator to claim call 087147123779am-7pm. Cost 10p,smishing|spam,mendeley|uci,2,spam,strong_spam,,premium_rate|competition_prize,
PRIVATE! Your 2004 Account Statement for 078498****7 shows 786 unredeemed Bonus Points. To claim call 08719180219 Identifier Code: 45239 Expires 06.05.05,smishing|spam,mendeley|uci,2,review,no_clear_indicator,,,
Urgent Ur £500 guaranteed award is still unclaimed! Call 09066368327 NOW closingdate04/09/02 claimcode M39M51 £1.50pmmorefrommobile2Bremoved-MobyPOBox734LS27YF,smishing|spam,mendeley|uci,2,review,no_clear_indicator,,,
"You have won ?1,000 cash or a ?2,000 prize! To claim, call09050000327. T&C: RSTM, SW7 3SS. 150ppm",smishing|spam,mendeley|uci,2,spam,strong_spam,,premium_rate|competition_prize,
You are a winner U have been specially selected 2 receive £1000 cash or a 4* holiday (flights inc) speak to a live operator 2 claim 0871277810810,smishing|spam,mendeley|uci,4,review,no_clear_indicator,,,
"Dear Voucher Holder, To claim this weeks offer, at you PC please go to http://www.e-tlp.co.uk/reward. Ts&Cs apply.",smishing|spam,mendeley|uci,2,spam,strong_spam,phishing_link,promotion,
"Someone U know has asked our dating service 2 contact you! Cant guess who? CALL 09058095107 NOW all will be revealed. POBox 7, S3XY 150p",smishing|spam,mendeley|uci,2,spam,strong_spam,,premium_rate|entertainment_services,
+123 Congratulations - in this week's competition draw u have won the £1450 prize to claim just call 09050002311 b4280703. T&Cs/stop SMS 08718727868. Over 18 only 150ppm,smishing|spam,mendeley|uci,3,spam,strong_spam,,premium_rate|competition_prize,
"Thank you, winner notified by sms. Good Luck! No future marketing reply STOP to 84122 customer services 08450542832",smishing|spam,mendeley|uci,3,spam,strong_spam,,subscription,
"You are guaranteed the latest Nokia Phone, a 40GB iPod MP3 player or a £500 prize! Txt word: COLLECT to No: 83355! IBHltd LdnW15H 150p/Mtmsgrcvd18+",smishing|spam,mendeley|uci,2,spam,strong_spam,,premium_rate|competition_prize,
Last chance 2 claim ur £150 worth of discount vouchers-Text YES to 85023 now!SavaMob-member offers mobile T Cs 08717898035. £3.00 Sub. 16 . Remove txt X or STOP,smishing|spam,mendeley|uci,2,spam,strong_spam,,promotion,
Free 1st week entry 2 TEXTPOD 4 a chance 2 win 40GB iPod or £250 cash every wk. Txt VPOD to 81303 Ts&Cs www.textpod.net custcare 08712405020.,smishing|spam,mendeley|uci,3,review,url_without_clear_intent,phishing_link,,
We tried to call you re your reply to our sms for a video mobile 750 mins UNLIMITED TEXT free camcorder Reply or call now 08000930705 Del Thurs,smishing|spam,mendeley|uci,3,review,weak_or_mixed_evidence,,marketing,
You have 1 new voicemail. Please call 08719181513.,smishing|spam,mendeley|uci,5,review,no_clear_indicator,,,
Do you want a new video handset? 750 anytime any network mins? Half Price Line Rental? Camcorder? Reply or call 08000930705 for delivery tomorrow,smishing|spam,mendeley|uci,3,review,no_clear_indicator,,,
Dear Dave this is your final notice to collect your 4* Tenerife Holiday or #5000 CASH award! Call 09061743806 from landline. TCs SAE Box326 CW25WX 150ppm,smishing|spam,mendeley|uci,2,spam,strong_spam,,premium_rate,
URGENT! We are trying to contact U. Todays draw shows that you have won a £2000 prize GUARANTEED. Call 09066358361 from land line. Claim Y87. Valid 12hrs only,smishing|spam,mendeley|uci,2,spam,strong_spam,,competition_prize,
"As a valued customer, I am pleased to advise you that following recent review of your Mob No. you are awarded with a £1500 Bonus Prize, call 09066368470",smishing|spam,mendeley|uci,3,spam,strong_spam,,competition_prize,
URGENT! We are trying to contact you. Last weekends draw shows that you have won a £900 prize GUARANTEED. Call 09061701939. Claim code S89. Valid 12hrs only,smishing|spam,mendeley|uci,2,spam,strong_spam,,competition_prize,
Congrats! Nokia 3650 video camera phone is your Call 09066382422 Calls cost 150ppm Ave call 3mins vary from mobiles 16+ Close 300603 post BCM4284 Ldn WC1N3XX,smishing|spam,mendeley|uci,3,spam,strong_spam,,premium_rate|competition_prize,
PRIVATE! Your 2003 Account Statement for 07808247860 shows 800 un-redeemed S. I. M. points. Call 08719899229 Identifier Code: 40411 Expires 06/11/04,smishing|spam,mendeley|uci,2,review,no_clear_indicator,,,
Reminder: You have not downloaded the content you have already paid for. Goto http://doit. mymoby. tv/ to collect your content.,smishing|spam,mendeley|uci,3,review,url_without_clear_intent,phishing_link,,
"URGENT!! Your 4* Costa Del Sol Holiday or £5000 await collection. Call 09050090044 Now toClaim. SAE, TC s, POBox334, Stockport, SK38xh, Cost£1.50/pm, Max10mins",smishing|spam,mendeley|uci,4,review,no_clear_indicator,,,
"Shop till u Drop, IS IT YOU, either 10K, 5K, £500 Cash or £100 Travel voucher, Call now, 09064011000. NTT PO Box CR01327BT fixedline Cost 150ppm mobile vary",smishing|spam,mendeley|uci,3,spam,strong_spam,,premium_rate|marketing,
U 447801259231 have a secret admirer who is looking 2 make contact with U-find out who they R*reveal who thinks UR so special-call on 09058094597,smishing|spam,mendeley|uci,5,review,no_clear_indicator,,,
PRIVATE! Your 2003 Account Statement for 07815296484 shows 800 un-redeemed S.I.M. points. Call 08718738001 Identifier Code 41782 Expires 18/11/04,smishing|spam,mendeley|uci,2,review,no_clear_indicator,,,
You have WON a guaranteed £1000 cash or a £2000 prize. To claim yr prize call our customer service representative on 08714712412 between 10am-7pm Cost 10p,smishing|spam,mendeley|uci,2,spam,strong_spam,,premium_rate|competition_prize,
"You are being contacted by our dating service by someone you know! To find out who it is, call from a land line 09050000878. PoBox45W2TG150P",smishing|spam,mendeley|uci,2,spam,strong_spam,,entertainment_services,
PRIVATE! Your 2003 Account Statement for shows 800 un-redeemed S. I. M. points. Call 08718738002 Identifier Code: 48922 Expires 21/11/04,smishing|spam,mendeley|uci,2,review,no_clear_indicator,,,
"U've been selected to stay in 1 of 250 top British hotels - FOR NOTHING! Holiday valued at £350! Dial 08712300220 to claim - National Rate Call. Bx526, SW73SS",smishing|spam,mendeley|uci,2,review,no_clear_indicator,,,
"Congratulations! Thanks to a good friend U have WON the £2,000 Xmas prize. 2 claim is easy, just call 08718726971 NOW! Only 10p per minute. BT-national-rate.",smishing|spam,mendeley|uci,2,spam,strong_spam,,premium_rate|competition_prize,
You have won a Nokia 7250i. This is what you get when you win our FREE auction. To take part send Nokia to 86021 now. HG/Suite342/2Lands Row/W1JHL 16+,smishing|spam,mendeley|uci,4,spam,strong_spam,,competition_prize,
"Congratulations! Thanks to a good friend U have WON the £2,000 Xmas prize. 2 claim is easy, just call 08718726978 NOW! Only 10p per minute. BT-national-rate",smishing|spam,mendeley|uci,2,spam,strong_spam,,premium_rate|competition_prize,
Hi if ur lookin 4 saucy daytime fun wiv busty married woman Am free all next week Chat now 2 sort time 09099726429 JANINExx Calls£1/minMobsmoreLKPOBOX177HP51FL,smishing|spam,mendeley|uci,2,review,no_clear_indicator,,,
"Someone U know has asked our dating service 2 contact you! Cant Guess who? CALL 09058097189 NOW all will be revealed. POBox 6, LS15HB 150p",smishing|spam,mendeley|uci,2,spam,strong_spam,,premium_rate|entertainment_services,
Update_Now - 12Mths Half Price Orange line rental: 400mins...Call MobileUpd8 on 08000839402 or call2optout=J5Q,smishing|spam,mendeley|uci,2,review,no_clear_indicator,,,
"Urgent UR awarded a complimentary trip to EuroDisinc Trav, Aco&Entry41 Or £1000. To claim txt DIS to 87121 18+6*£1.50(moreFrmMob. ShrAcomOrSglSuplt)10, LS1 3AJ",smishing|spam,mendeley|uci,3,review,no_clear_indicator,,,
**FREE MESSAGE**Thanks for using the Auction Subscription Service. 18 . 150p/MSGRCVD 2 Skip an Auction txt OUT. 2 Unsubscribe txt STOP CustomerCare 08718726270,smishing|spam,mendeley|uci,3,spam,strong_spam,,premium_rate|subscription,
"Today's Offer! Claim ur £150 worth of discount vouchers! Text YES to 85023 now! SavaMob, member offers mobile! T Cs 08717898035. £3.00 Sub. 16 . Unsub reply X",smishing|spam,mendeley|uci,3,spam,strong_spam,,subscription|promotion,
T-Mobile customer you may now claim your FREE CAMERA PHONE upgrade & a pay & go sim card for your loyalty. Call on 0845 021 3680.Offer ends 28thFeb.T&C's apply,smishing|spam,mendeley|uci,2,spam,strong_spam,,promotion,
Great News! Call FREEFONE 08006344447 to claim your guaranteed £1000 CASH or £2000 gift. Speak to a live operator NOW!,smishing|spam,mendeley|uci,4,review,no_clear_indicator,,,
"Bears Pic Nick, and Tom, Pete and ... Dick. In fact, all types try gay chat with photo upload call 08718730666 (10p/min). 2 stop texts call 08712460324",smishing|spam,mendeley|uci,3,spam,strong_spam,,premium_rate,
URGENT! We are trying to contact you. Last weekends draw shows that you have won a £900 prize GUARANTEED. Call 09061701851. Claim code K61. Valid 12hours only,smishing|spam,mendeley|uci,2,spam,strong_spam,,competition_prize,
PRIVATE! Your 2003 Account Statement for shows 800 un-redeemed S. I. M. points. Call 08719899230 Identifier Code: 41685 Expires 07/11/04,smishing|spam,mendeley|uci,2,review,no_clear_indicator,,,
You have won a guaranteed 32000 award or maybe even £1000 cash to claim ur award call free on 0800 ..... (18+). Its a legitimat efreefone number wat do u think???,smishing|spam,mendeley|uci,2,spam,strong_spam,,competition_prize,
"This is the 2nd attempt to contract U, you have won this weeks top prize of either £1000 cash or £200 prize. Just call 09066361921",smishing|spam,mendeley|uci,3,spam,strong_spam,,competition_prize,
"Urgent Urgent! We have 800 FREE flights to Europe to give away, call B4 10th Sept & take a friend 4 FREE. Call now to claim on 09050000555. BA128NNFWFLY150ppm",smishing|spam,mendeley|uci,2,review,weak_or_mixed_evidence,,marketing,
XMAS iscoming & ur awarded either £500 CD gift vouchers & free entry 2 r £100 weekly draw txt MUSIC to 87066 TnC www.Ldew.com1win150ppmx3age16subscription,smishing|spam,mendeley|uci,2,review,url_without_clear_intent,phishing_link,,
"YOU 07801543489 are guaranteed the latests Nokia Phone, a 40GB iPod MP3 player or a £500 prize! Txt word:COLLECT to No:83355! TC-LLC NY-USA 150p/Mt msgrcvd18+",smishing|spam,mendeley|uci,2,spam,strong_spam,,premium_rate|competition_prize,
"Urgent! call 09061749602 from Landline. Your complimentary 4* Tenerife Holiday or £10,000 cash await collection SAE T&Cs BOX 528 HP20 1YF 150ppm 18+",smishing|spam,mendeley|uci,2,spam,strong_spam,,premium_rate,
"Update_Now - Xmas Offer! Latest Motorola, SonyEricsson & Nokia & FREE Bluetooth! Double Mins & 1000 Txt on Orange. Call MobileUpd8 on 08000839402 or call2optout/F4Q=",smishing|spam,mendeley|uci,2,spam,strong_spam,,promotion,
Bloomberg -Message center +447797706009 Why wait? Apply for your future http://careers. bloomberg.com,smishing|spam,mendeley|uci,3,review,url_without_clear_intent,phishing_link,,
"Someone has contacted our dating service and entered your phone becausethey fancy you! To find out who it is call from a landline 09058098002. PoBox1, W14RG 150p",smishing|spam,mendeley|uci,2,spam,strong_spam,,premium_rate|entertainment_services,
"YOU VE WON! Your 4* Costa Del Sol Holiday or £5000 await collection. Call 09050090044 Now toClaim. SAE, TC s, POBox334, Stockport, SK38xh, Cost£1.50/pm, Max10mins",smishing|spam,mendeley|uci,3,review,no_clear_indicator,,,
"Dear Matthew please call 09063440451 from a landline, your complimentary 4*Lux Tenerife holiday or £1000 CASH await collection. ppm150 SAE T&Cs Box334 SK38XH.",smishing|spam,mendeley|uci,2,review,no_clear_indicator,,,
U have a secret admirer who is looking 2 make contact with U-find out who they R*reveal who thinks UR so special-call on 09058094599,smishing|spam,mendeley|uci,5,review,no_clear_indicator,,,
"If you don't, your prize will go to another customer. T&C at www.t-c.biz 18+ 150p/min Polo Ltd Suite 373 London W1J 6HL Please call back if busy",smishing|spam,mendeley|uci,3,spam,strong_spam,phishing_link,premium_rate|competition_prize,
You are being ripped off! Get your mobile content from www.clubmoby.com call 08717509990 poly/true/Pix/Ringtones/Games six downloads for only 3,smishing|spam,mendeley|uci,3,review,url_without_clear_intent,phishing_link,,
URGENT! Your Mobile number has been awarded with a £2000 prize GUARANTEED. Call 09061790121 from land line. Claim 3030. Valid 12hrs only 150ppm,smishing|spam,mendeley|uci,3,spam,strong_spam,,premium_rate|competition_prize,
PRIVATE! Your 2003 Account Statement for 07808 XXXXXX shows 800 un-redeemed S. I. M. points. Call 08719899217 Identifier Code: 41685 Expires 07/11/04,smishing|spam,mendeley|uci,2,review,no_clear_indicator,,,
Someone has contacted our dating service and entered your phone because they fancy you! To find out who it is call from a landline 09111032124 . PoBox12n146tf150p,smishing|spam,mendeley|uci,2,spam,strong_spam,,entertainment_services,
"YOUR CHANCE TO BE ON A REALITY FANTASY SHOW call now = 08707509020 Just 20p per min NTT Ltd, PO Box 1327 Croydon CR9 5WB 0870 is a national = rate call.",smishing|spam,mendeley|uci,2,spam,strong_spam,,premium_rate|marketing,
"You are being contacted by our Dating Service by someone you know! To find out who it is, call from your mobile or landline 09064017305 PoBox75LDNS7",smishing|spam,mendeley|uci,2,spam,strong_spam,,entertainment_services,
URGENT! Your Mobile number has been awarded with a £2000 prize GUARANTEED. Call 09061790126 from land line. Claim 3030. Valid 12hrs only 150ppm,smishing|spam,mendeley|uci,2,spam,strong_spam,,premium_rate|competition_prize,
"You have won ?1,000 cash or a ?2,000 prize! To claim, call09050000327",smishing|spam,mendeley|uci,2,spam,strong_spam,,competition_prize,
Dorothy@kiefer.com (Bank of Granite issues Strong-Buy) EXPLOSIVE PICK FOR OUR MEMBERS *****UP OVER 300% *********** Nasdaq Symbol CDGT That is a $5.00 per..,smishing|spam,mendeley|uci,3,review,no_clear_indicator,,,
"Congrats 2 mobile 3G Videophones R yours. call 09063458130 now! videochat wid ur mates, play java games, Dload polypH music, noline rentl. bx420. ip4. 5we. 150p",smishing|spam,mendeley|uci,3,spam,strong_spam,,premium_rate|competition_prize,
You are a winner you have been specially selected to receive £1000 cash or a £2000 award. Speak to a live operator to claim call 087123002209am-7pm. Cost 10p,smishing|spam,mendeley|uci,2,spam,strong_spam,,premium_rate|competition_prize,
"Mila, age23, blonde, new in UK. I look sex with UK guys. if u like fun with me. Text MTALK to 69866.18 . 30pp/txt 1st 5free. £1.50 increments. Help08718728876",smishing|spam,mendeley|uci,3,review,no_clear_indicator,,,
"As a valued customer, I am pleased to advise you that following recent review of your Mob No. you are awarded with a £1500 Bonus Prize, call 09066364589",smishing|spam,mendeley|uci,3,spam,strong_spam,,competition_prize,
PRIVATE! Your 2003 Account Statement for shows 800 un-redeemed S.I.M. points. Call 08718738001 Identifier Code: 49557 Expires 26/11/04,smishing|spam,mendeley|uci,2,review,no_clear_indicator,,,
U are subscribed to the best Mobile Content Service in the UK for £3 per ten days until you send STOP to 83435. Helpline 08706091795.,smishing|spam,mendeley|uci,2,review,no_clear_indicator,,,
You have won a guaranteed £200 award or even £1000 cashto claim UR award call free on 08000407165 (18+) 2 stop getstop on 88222 PHP. RG21 4JX,smishing|spam,mendeley|uci,2,spam,strong_spam,,competition_prize,
Txt: CALL to No: 86888 & claim your reward of 3 hours talk time to use from your phone now! Subscribe6GBP/mnth inc 3hrs 16 stop?txtStop www.gamb.tv,smishing|spam,mendeley|uci,2,review,url_without_clear_intent,phishing_link,,
"Loan for any purpose £500 - £75,000. Homeowners + Tenants welcome. Have you been previously refused? We can still help. Call Free 0800 1956669 or text back 'help'",smishing|spam,mendeley|uci,4,review,no_clear_indicator,,,
"BangBabes Ur order is on the way. U SHOULD receive a Service Msg 2 download UR content. If U do not, GoTo wap. bangb. tv on UR mobile internet/service menu",smishing|spam,mendeley|uci,2,review,no_clear_indicator,,,
Todays Voda numbers ending with 7634 are selected to receive a £350 reward. If you have a match please call 08712300220 quoting claim code 7684 standard rates apply.,smishing|spam,mendeley|uci,3,spam,strong_spam,,competition_prize,
Dear Voucher Holder 2 claim your 1st class airport lounge passes when using Your holiday voucher call 08704439680. When booking quote 1st class x 2,smishing|spam,mendeley|uci,2,review,no_clear_indicator,,,
Good Luck! Draw takes place 28th Feb 06. Good Luck! For removal send STOP to 87239 customer services 08708034412,smishing|spam,mendeley|uci,3,review,no_clear_indicator,,,
"tddnewsletter@emc1.co.uk (More games from TheDailyDraw) Dear Helen, Dozens of Free Games - with great prizesWith..",smishing|spam,mendeley|uci,3,review,no_clear_indicator,,,
Bored housewives! Chat n date now! 0871750.77.11! BT-national rate 10p/min only from landlines!,smishing|spam,mendeley|uci,3,spam,strong_spam,,premium_rate,
83039 62735=£450 UK Break AccommodationVouchers terms & conditions apply. 2 claim you mustprovide your claim number which is 15541,smishing|spam,mendeley|uci,2,review,no_clear_indicator,,,
You have 1 new message. Call 0207-083-6089,smishing|spam,mendeley|uci,2,review,no_clear_indicator,,,
Missed call alert. These numbers called but left no message. 07008009200,smishing|spam,mendeley|uci,3,review,no_clear_indicator,,,
Refused a loan? Secured or Unsecured? Can't get credit? Call free now 0800 195 6669 or text back 'help' & we will!,smishing|spam,mendeley|uci,3,review,no_clear_indicator,,,
"URGENT! Your Mobile No 07808726822 was awarded a £2,000 Bonus Caller Prize on 02/09/03! This is our 2nd attempt to contact YOU! Call 0871-872-9758 BOX95QU",smishing|spam,mendeley|uci,2,spam,strong_spam,,competition_prize,
important information 4 orange user 0789xxxxxxx. today is your lucky day!2find out why log onto http://www.urawinner.com THERE'S A FANTASTIC SURPRISE AWAITING YOU!,smishing|spam,mendeley|uci,2,review,url_without_clear_intent,phishing_link,,
+449071512431 URGENT! This is the 2nd attempt to contact U!U have WON £1250 CALL 09071512433 b4 050703 T&CsBCM4235WC1N3XX. callcost 150ppm mobilesvary. max£7. 50,smishing|spam,mendeley|uci,2,spam,strong_spam,,premium_rate,
Congratulations ur awarded either a yrs supply of CDs from Virgin Records or a Mystery Gift GUARANTEED Call 09061104283 Ts&Cs www.smsco.net £1.50pm approx 3mins,smishing|spam,mendeley|uci,2,spam,strong_spam,phishing_link,competition_prize,
"Urgent -call 09066649731from Landline. Your complimentary 4* Ibiza Holiday or £10,000 cash await collection SAE T&Cs PO BOX 434 SK3 8WP 150ppm 18+",smishing|spam,mendeley|uci,2,spam,strong_spam,,premium_rate,
"You've won tkts to the EURO2004 CUP FINAL or £800 CASH, to collect CALL 09058099801 b4190604, POBOX 7876150ppm",smishing|spam,mendeley|uci,4,spam,strong_spam,,premium_rate|competition_prize,
WIN URGENT! Your mobile number has been awarded with a £2000 prize GUARANTEED call 09061790121 from land line. claim 3030 valid 12hrs only 150ppm,smishing|spam,mendeley|uci,2,spam,strong_spam,,premium_rate|competition_prize,
"complimentary 4 STAR Ibiza Holiday or £10,000 cash needs your URGENT collection. 09066364349 NOW from Landline not to lose out! Box434SK38WP150PPM18+",smishing|spam,mendeley|uci,2,review,no_clear_indicator,,,
You are a winner U have been specially selected 2 receive £1000 or a 4* holiday (flights inc) speak to a live operator 2 claim 0871277810910p/min (18+),smishing|spam,mendeley|uci,2,spam,strong_spam,,premium_rate,
"URGENT, IMPORTANT INFORMATION FOR O2 USER. TODAY IS YOUR LUCKY DAY! 2 FIND OUT WHY LOG ONTO HTTP://WWW.URAWINNER.COM THERE IS A FANTASTIC SURPRISE AWAITING FOR YOU",smishing|spam,mendeley|uci,2,review,url_without_clear_intent,phishing_link,,
"You are a £1000 winner or Guaranteed Caller Prize, this is our Final attempt to contact you! To Claim Call 09071517866 Now! 150ppmPOBox10183BhamB64XE",smishing|spam,mendeley|uci,2,spam,strong_spam,,competition_prize,
Please call our customer service representative on 0800 169 6031 between 10am-9pm as you have WON a guaranteed £1000 cash or £5000 prize!,smishing|spam,mendeley|uci,3,spam,strong_spam,,competition_prize,
"Last Chance! Claim ur £150 worth of discount vouchers today! Text SHOP to 85023 now! SavaMob, offers mobile! T Cs SavaMob POBOX84, M263UZ. £3.00 Sub. 16",smishing|spam,mendeley|uci,3,spam,strong_spam,,promotion,
"WIN: We have a winner! Mr. T. Foley won an iPod! More exciting prizes soon, so keep an eye on ur mobile or visit www.win-82050.co.uk",smishing|spam,mendeley|uci,3,review,url_without_clear_intent,phishing_link,,
UR awarded a City Break and could WIN a £200 Summer Shopping spree every WK. Txt STORE to 88039.SkilGme.TsCs087147403231Winawk!Age16+£1.50perWKsub,smishing|spam,mendeley|uci,2,review,no_clear_indicator,,,
we tried to contact you re your response to our offer of a new nokia fone and camcorder hit reply or call 08000930705 for delivery,smishing|spam,mendeley|uci,2,spam,strong_spam,,promotion,
URGENT! Your Mobile number has been awarded with a £2000 Bonus Caller Prize. Call 09058095201 from land line. Valid 12hrs only,smishing|spam,mendeley|uci,2,spam,strong_spam,,competition_prize,
URGENT! Your Mobile number has been awarded with a £2000 prize GUARANTEED. Call 09058094454 from land line. Claim 3030. Valid 12hrs only,smishing|spam,mendeley|uci,2,spam,strong_spam,,competition_prize,
okmail: Dear Dave this is your final notice to collect your 4* Tenerife Holiday or #5000 CASH award! Call 09061743806 from landline. TCs SAE Box326 CW25WX 150ppm,smishing|spam,mendeley|uci,2,spam,strong_spam,,premium_rate,
"This is the 2nd time we have tried 2 contact u. U have won the £750 Pound prize. 2 claim is easy, call 087187272008 NOW1! Only 10p per minute. BT-national-rate.",smishing|spam,mendeley|uci,2,spam,strong_spam,,premium_rate|competition_prize,
You have 1 new message. Please call 08718738034.,smishing|spam,mendeley|uci,2,review,no_clear_indicator,,,
PRIVATE! Your 2003 Account Statement for 07973788240 shows 800 un-redeemed S. I. M. points. Call 08715203649 Identifier Code: 40533 Expires 31/10/04,smishing|spam,mendeley|uci,2,review,no_clear_indicator,,,
"Final Chance! Claim ur £150 worth of discount vouchers today! Text YES to 85023 now! SavaMob, member offers mobile! T Cs SavaMob POBOX84, M263UZ. £3.00 Subs 16",smishing|spam,mendeley|uci,3,spam,strong_spam,,promotion,
"This is the 2nd time we have tried 2 contact u. U have won the 750 Pound prize. 2 claim is easy, call 08718726970 NOW! Only 10p per min. BT-national-rate",smishing|spam,mendeley|uci,2,spam,strong_spam,,premium_rate|competition_prize,
Guess what! Somebody you know secretly fancies you! Wanna find out who it is? Give us a call on 09065394514 From Landline DATEBox1282EssexCM61XN 150p/min 18,smishing|spam,mendeley|uci,2,spam,strong_spam,,premium_rate,
Someonone you know is trying to contact you via our dating service! To find out who it could be call from your mobile or landline 09064015307 BOX334SK38ch,smishing|spam,mendeley|uci,2,spam,strong_spam,,entertainment_services,
Congratulations ur awarded 500 of CD vouchers or 125gift guaranteed & Free entry 2 100 wkly draw txt MUSIC to 87066,smishing|spam,mendeley|uci,2,spam,strong_spam,,competition_prize,
Message Important information for O2 user. Today is your lucky day! 2 find out why log onto http://www.urawinner.com there is a fantastic surprise awaiting you,smishing|spam,mendeley|uci,3,review,url_without_clear_intent,phishing_link,,
Urgent Please call 09066612661 from landline. £5000 cash or a luxury 4* Canary Islands Holiday await collection. T&Cs SAE award. 20M12AQ. 150ppm. 16+ “,smishing|spam,mendeley|uci,2,spam,strong_spam,,premium_rate,
Todays Vodafone numbers ending with 4882 are selected to a receive a £350 award. If your number matches call 09064019014 to receive your £350 award.,smishing|spam,mendeley|uci,3,spam,strong_spam,,competition_prize,
"This weeks SavaMob member offers are now accessible. Just call 08709501522 for details! SavaMob, POBOX 139, LA3 2WU. Only £1.50/week. SavaMob - offers mobile!",smishing|spam,mendeley|uci,2,review,no_clear_indicator,,,
Our records indicate u maybe entitled to 5000 pounds in compensation for the Accident you had. To claim 4 free reply with CLAIM to this msg. 2 stop txt STOP,smishing|spam,mendeley|uci,2,spam,strong_spam,,subscription,
GENT! We are trying to contact you. Last weekends draw shows that you won a £1000 prize GUARANTEED. Call 09064012160. Claim Code K52. Valid 12hrs only. 150ppm,smishing|spam,mendeley|uci,3,spam,strong_spam,,premium_rate|competition_prize,
Promotion Number: 8714714 - UR awarded a City Break and could WIN a £200 Summer Shopping spree every WK. Txt STORE to 88039 . SkilGme. TsCs087147403231Winawk!Age16 £1.50perWKsub,smishing|spam,mendeley|uci,2,spam,strong_spam,,promotion,
"Urgent! call 09066612661 from landline. Your complementary 4* Tenerife Holiday or £10,000 cash await collection SAE T&Cs PO Box 3 WA14 2PX 150ppm 18+ Sender: Hol Offer",smishing|spam,mendeley|uci,2,spam,strong_spam,,premium_rate|promotion,
This msg is for your mobile content order It has been resent as previous attempt failed due to network error Queries to customersqueries@netvision.uk.com,smishing|spam,mendeley|uci,2,review,no_clear_indicator,,,
U have won a nokia 6230 plus a free digital camera. This is what u get when u win our FREE auction. To take part send NOKIA to 83383 now. POBOX114/14TCR/W1 16,smishing|spam,mendeley|uci,2,review,no_clear_indicator,,,
